"DESCRIPTION","DURATION IN MS","NAME","PARENT SUITE","START TIME","STATUS","STOP TIME","SUB SUITE","SUITE","TEST CLASS","TEST METHOD"
"","474","TC15 - UI elements visibility","chromium","2026-03-31","passed","2026-03-31","Neo Gadgets - Registration Tests","register.spec.js","",""
"","672","TC02 - Login with invalid email","chromium","2026-03-31","passed","2026-03-31","Login Module - 15 Test Cases","loginnew.spec.js","",""
"","1431","TC17 - Click first product navigates to product page","webkit","2026-03-31","passed","2026-03-31","Home Page - 25 Test Cases","homeNew.spec.js","",""
"","2478","TC18 - Password with spaces","webkit","2026-03-31","passed","2026-03-31","Profile Module - 20 Test Cases","profile.spec.js","",""
"","2447","TC15 - Wrong current password","webkit","2026-03-31","passed","2026-03-31","Profile Module - 20 Test Cases","profile.spec.js","",""
"","2084","11. Long Name Input","chromium","2026-03-24","passed","2026-03-24","Registration Module - 15 Test Cases","register.spec.js","",""
"","1566","8. Duplicate Email","chromium","2026-03-24","passed","2026-03-24","Registration Module - 15 Test Cases","register.spec.js","",""
"","0","Verify all categories present","webkit","2026-03-31","skipped","2026-03-31","Neo Gadgets - Home Page Tests","homepage.spec.js","",""
"","1989","get started link","webkit","2026-03-31","passed","2026-03-31","","example.spec.js","",""
"","0","TC12 - Password field visible","chromium","2026-03-30","skipped","2026-03-30","Login Module - Stable Tests","login.spec.js","",""
"","1844","TC12 - Click Login navigates to login page","webkit","2026-03-31","passed","2026-03-31","Home Page - 25 Test Cases","homeNew.spec.js","",""
"","0","TC07 - Email empty","firefox","2026-03-31","skipped","2026-03-31","Neo Gadgets - Registration Tests","register.spec.js","",""
"","13888","authenticate","setup","2026-03-30","failed","2026-03-30","","auth.setup.js","",""
"","399","Verify Explore Catalog button click","chromium","2026-03-31","passed","2026-03-31","Neo Gadgets - Home Page Tests","homepage.spec.js","",""
"","406","TC14 - Click cart icon navigates to cart page","chromium","2026-03-31","passed","2026-03-31","Home Page - 25 Test Cases","homeNew.spec.js","",""
"","292","Verify logo is visible","chromium","2026-03-31","passed","2026-03-31","Neo Gadgets - Home Page Tests","homepage.spec.js","",""
"","0","TC12 - Save without changes","chromium","2026-03-31","skipped","2026-03-31","Profile Module - 20 Test Cases","profile.spec.js","",""
"","1135","TC01 - Login with valid credentials","webkit","2026-03-31","passed","2026-03-31","Login Module - 15 Test Cases","loginnew.spec.js","",""
"","1953","3. Password too short","firefox","2026-03-24","passed","2026-03-24","Registration Module - 15 Test Cases","register.spec.js","",""
"","3254","12. Special Characters Name","webkit","2026-03-24","passed","2026-03-24","Registration Module - 15 Test Cases","register.spec.js","",""
"","768","TC14 - Long input values","firefox","2026-03-31","passed","2026-03-31","Neo Gadgets - Registration Tests","register.spec.js","",""
"","1936","6. Empty Email","webkit","2026-03-24","passed","2026-03-24","Registration Module - 15 Test Cases","register.spec.js","",""
"","0","Verify navigation menu items","firefox","2026-03-31","skipped","2026-03-31","Neo Gadgets - Home Page Tests","homepage.spec.js","",""
"","1716","TC01 - Valid login","chromium","2026-03-30","passed","2026-03-30","Neo Gadgets - Login Tests","login.spec.js","",""
"","271","Verify page scroll","chromium","2026-03-31","passed","2026-03-31","Neo Gadgets - Home Page Tests","homepage.spec.js","",""
"","2165","TC01 - Verify profile page loads","webkit","2026-03-31","passed","2026-03-31","Profile Module - 20 Test Cases","profile.spec.js","",""
"","0","Verify product cards visible","webkit","2026-03-31","skipped","2026-03-31","Neo Gadgets - Home Page Tests","homepage.spec.js","",""
"","0","TC13 - Login button visible","chromium","2026-03-30","skipped","2026-03-30","Login Module - Stable Tests","login.spec.js","",""
"","0","TC11 - Change password with valid data","webkit","2026-03-31","skipped","2026-03-31","Profile Module - 20 Test Cases","profile.spec.js","",""
"","0","TC06 - Name less than 2 characters","firefox","2026-03-31","skipped","2026-03-31","Neo Gadgets - Registration Tests","register.spec.js","",""
"","2251","TC04 - Verify name input visible","webkit","2026-03-31","passed","2026-03-31","Profile Module - 20 Test Cases","profile.spec.js","",""
"","1259","TC08 - Password case sensitivity check","webkit","2026-03-31","passed","2026-03-31","Login Module - 15 Test Cases","loginnew.spec.js","",""
"","2364","TC17 - Special characters in name","webkit","2026-03-31","passed","2026-03-31","Profile Module - 20 Test Cases","profile.spec.js","",""
"","2184","13. Uppercase Email","webkit","2026-03-24","passed","2026-03-24","Registration Module - 15 Test Cases","register.spec.js","",""
"","635","TC17 - Click first product navigates to product page","firefox","2026-03-31","passed","2026-03-31","Home Page - 25 Test Cases","homeNew.spec.js","",""
"","0","TC10 - Verify footer text visible","webkit","2026-03-31","skipped","2026-03-31","Home Page - 25 Test Cases","homeNew.spec.js","",""
"","12107","1. Valid Registration","webkit","2026-03-24","passed","2026-03-24","Registration Module - 15 Test Cases","register.spec.js","",""
"","1670","6. Empty Email","firefox","2026-03-24","passed","2026-03-24","Registration Module - 15 Test Cases","register.spec.js","",""
"","0","TC02 - Verify logo is visible","webkit","2026-03-31","skipped","2026-03-31","Home Page - 25 Test Cases","homeNew.spec.js","",""
"","3643","TC10 - Navbar Hamburger Button Visibility","chromium","2026-03-30","failed","2026-03-30","","dashboard.spec.js","",""
"","418","TC06 - Empty email and password","chromium","2026-03-31","passed","2026-03-31","Login Module - 15 Test Cases","loginnew.spec.js","",""
"","1341","TC16 - Click Explore Drones button","webkit","2026-03-31","passed","2026-03-31","Home Page - 25 Test Cases","homeNew.spec.js","",""
"","0","TC08 - Password empty","firefox","2026-03-31","skipped","2026-03-31","Neo Gadgets - Registration Tests","register.spec.js","",""
"","873","TC06 - Empty email and password","webkit","2026-03-31","passed","2026-03-31","Login Module - 15 Test Cases","loginnew.spec.js","",""
"","2270","TC17 - Special characters in name","firefox","2026-03-31","passed","2026-03-31","Profile Module - 20 Test Cases","profile.spec.js","",""
"","404","Verify category click navigates","chromium","2026-03-31","passed","2026-03-31","Neo Gadgets - Home Page Tests","homepage.spec.js","",""
"","492","Verify responsive layout (mobile view)","webkit","2026-03-31","passed","2026-03-31","Neo Gadgets - Home Page Tests","homepage.spec.js","",""
"","0","TC07 - Email empty","webkit","2026-03-31","skipped","2026-03-31","Neo Gadgets - Registration Tests","register.spec.js","",""
"","824","TC09 - Verify product cards are displayed","webkit","2026-03-31","passed","2026-03-31","Home Page - 25 Test Cases","homeNew.spec.js","",""
"","817","Verify category click navigates","firefox","2026-03-31","passed","2026-03-31","Neo Gadgets - Home Page Tests","homepage.spec.js","",""
"","751","TC12 - Password field masked","webkit","2026-03-31","passed","2026-03-31","Login Module - 15 Test Cases","loginnew.spec.js","",""
"","719","Verify responsive layout (mobile view)","firefox","2026-03-31","passed","2026-03-31","Neo Gadgets - Home Page Tests","homepage.spec.js","",""
"","1965","TC14 - Loading Products Spinner","chromium","2026-03-30","failed","2026-03-30","","dashboard.spec.js","",""
"","0","TC05 - Empty password field","firefox","2026-03-31","skipped","2026-03-31","Login Module - 15 Test Cases","loginnew.spec.js","",""
"","917","Verify View All link works","webkit","2026-03-31","passed","2026-03-31","Neo Gadgets - Home Page Tests","homepage.spec.js","",""
"","648","TC01 - Login with valid credentials","firefox","2026-03-31","passed","2026-03-31","Login Module - 15 Test Cases","loginnew.spec.js","",""
"","0","TC05 - Confirm password mismatch","chromium","2026-03-31","skipped","2026-03-31","Neo Gadgets - Registration Tests","register.spec.js","",""
"","0","TC13 - Click register link","webkit","2026-03-31","skipped","2026-03-31","Login Module - 15 Test Cases","loginnew.spec.js","",""
"","880","Verify Join Now button click","firefox","2026-03-31","passed","2026-03-31","Neo Gadgets - Home Page Tests","homepage.spec.js","",""
"","1620","10. Password only spaces","chromium","2026-03-24","passed","2026-03-24","Registration Module - 15 Test Cases","register.spec.js","",""
"","0","TC13 - Multiple clicks on register button","chromium","2026-03-31","skipped","2026-03-31","Neo Gadgets - Registration Tests","register.spec.js","",""
"","654","Verify featured products section","webkit","2026-03-31","passed","2026-03-31","Neo Gadgets - Home Page Tests","homepage.spec.js","",""
"","1763","TC06 - Navbar Login/Logout Button Visibility","chromium","2026-03-30","failed","2026-03-30","","dashboard.spec.js","",""
"","6460","TC16 - Verify password field visible","chromium","2026-03-30","failed","2026-03-30","Neo Gadgets - Login Tests","login.spec.js","",""
"","668","TC04 - Password less than 6 chars","firefox","2026-03-31","passed","2026-03-31","Neo Gadgets - Registration Tests","register.spec.js","",""
"","585","TC09 - Verify product cards are displayed","firefox","2026-03-31","passed","2026-03-31","Home Page - 25 Test Cases","homeNew.spec.js","",""
"","2442","TC15 - Enter key login","chromium","2026-03-30","failed","2026-03-30","Login Module - Stable (No Flaky)","login.spec.js","",""
"","1388","9. Email with spaces","chromium","2026-03-24","passed","2026-03-24","Registration Module - 15 Test Cases","register.spec.js","",""
"","2108","12. Special Characters Name","chromium","2026-03-24","passed","2026-03-24","Registration Module - 15 Test Cases","register.spec.js","",""
"","1568","TC09 - Email trimming","chromium","2026-03-30","failed","2026-03-30","Login Module - Stable (No Flaky)","login.spec.js","",""
"","664","Verify category section visible","webkit","2026-03-31","passed","2026-03-31","Neo Gadgets - Home Page Tests","homepage.spec.js","",""
"","4130","TC03 - ""Join Now"" Button Click","chromium","2026-03-30","failed","2026-03-30","","dashboard.spec.js","",""
"","1644","TC18 - Modal Display on Product Click","chromium","2026-03-30","failed","2026-03-30","","dashboard.spec.js","",""
"","30044","TC02 - Empty login form validation","chromium","2026-03-30","broken","2026-03-30","Login Module - Stable Tests","login.spec.js","",""
"","1","TC10 - Verify footer text visible","chromium","2026-03-31","skipped","2026-03-31","Home Page - 25 Test Cases","homeNew.spec.js","",""
"","1489","TC20 - Verify Text in Footer Section","chromium","2026-03-30","failed","2026-03-30","","dashboard.spec.js","",""
"","0","TC11 - Password with spaces only","webkit","2026-03-31","skipped","2026-03-31","Neo Gadgets - Registration Tests","register.spec.js","",""
"","2079","TC06 - Verify current password field visible","webkit","2026-03-31","passed","2026-03-31","Profile Module - 20 Test Cases","profile.spec.js","",""
"","1887","TC07 - Verify new password field visible","chromium","2026-03-31","passed","2026-03-31","Profile Module - 20 Test Cases","profile.spec.js","",""
"","1226","TC01 - Page loads","chromium","2026-03-30","passed","2026-03-30","Login Module - Stable (No Flaky)","login.spec.js","",""
"","1932","10. Password only spaces","webkit","2026-03-24","passed","2026-03-24","Registration Module - 15 Test Cases","register.spec.js","",""
"","615","Verify homepage loads successfully","firefox","2026-03-31","passed","2026-03-31","Neo Gadgets - Home Page Tests","homepage.spec.js","",""
"","0","TC05 - Confirm password mismatch","firefox","2026-03-31","skipped","2026-03-31","Neo Gadgets - Registration Tests","register.spec.js","",""
"","6571","TC06 - Both fields empty (strict)","chromium","2026-03-30","failed","2026-03-30","Login Module - Stable (No Flaky)","login.spec.js","",""
"","2386","TC14 - Empty name field","webkit","2026-03-31","passed","2026-03-31","Profile Module - 20 Test Cases","profile.spec.js","",""
"","0","14. Multiple Click Register","chromium","2026-03-24","skipped","2026-03-24","Registration Module - 15 Test Cases","register.spec.js","",""
"","519","TC04 - Password less than 6 chars","chromium","2026-03-31","passed","2026-03-31","Neo Gadgets - Registration Tests","register.spec.js","",""
"","1779","TC19 - Hero Banner Background Animation","chromium","2026-03-30","failed","2026-03-30","","dashboard.spec.js","",""
"","0","TC20 - Navigate back to profile after login","webkit","2026-03-31","skipped","2026-03-31","Profile Module - 20 Test Cases","profile.spec.js","",""
"","317","TC25 - Verify no broken links (basic)","chromium","2026-03-31","passed","2026-03-31","Home Page - 25 Test Cases","homeNew.spec.js","",""
"","1787","TC09 - Update name successfully","chromium","2026-03-31","passed","2026-03-31","Profile Module - 20 Test Cases","profile.spec.js","",""
"","2507","1. Valid Registration","chromium","2026-03-24","passed","2026-03-24","Registration Module - 15 Test Cases","register.spec.js","",""
"","0","TC13 - Multiple clicks on register button","webkit","2026-03-31","skipped","2026-03-31","Neo Gadgets - Registration Tests","register.spec.js","",""
"","1513","TC19 - XSS attempt","chromium","2026-03-30","failed","2026-03-30","Login Module - Stable (No Flaky)","login.spec.js","",""
"","650","Verify homepage loads successfully","chromium","2026-03-31","passed","2026-03-31","Neo Gadgets - Home Page Tests","homepage.spec.js","",""
"","521","TC09 - Confirm password empty","chromium","2026-03-31","passed","2026-03-31","Neo Gadgets - Registration Tests","register.spec.js","",""
"","1","TC03 - Verify Security section visible","firefox","2026-03-31","skipped","2026-03-31","Profile Module - 20 Test Cases","profile.spec.js","",""
"","320","Verify Login button visible","chromium","2026-03-31","passed","2026-03-31","Neo Gadgets - Home Page Tests","homepage.spec.js","",""
"","2579","TC19 - Logout functionality","webkit","2026-03-31","passed","2026-03-31","Profile Module - 20 Test Cases","profile.spec.js","",""
"","564","TC12 - Password field masked","firefox","2026-03-31","passed","2026-03-31","Login Module - 15 Test Cases","loginnew.spec.js","",""
"","1667","TC01 - Page Load Test","chromium","2026-03-30","passed","2026-03-30","","dashboard.spec.js","",""
"","1115","3. Password too short","chromium","2026-03-24","passed","2026-03-24","Registration Module - 15 Test Cases","register.spec.js","",""
"","1754","TC08 - Verify save button visible","chromium","2026-03-31","passed","2026-03-31","Profile Module - 20 Test Cases","profile.spec.js","",""
"","484","TC18 - Click second product navigates correctly","chromium","2026-03-31","passed","2026-03-31","Home Page - 25 Test Cases","homeNew.spec.js","",""
"","0","TC11 - Email field visible","chromium","2026-03-30","skipped","2026-03-30","Login Module - Stable Tests","login.spec.js","",""
"","1606","TC01 - Verify profile page loads","firefox","2026-03-31","passed","2026-03-31","Profile Module - 20 Test Cases","profile.spec.js","",""
"","902","TC12 - Email with spaces","webkit","2026-03-31","passed","2026-03-31","Neo Gadgets - Registration Tests","register.spec.js","",""
"","0","TC09 - Password with spaces","chromium","2026-03-30","skipped","2026-03-30","Login Module - Stable Tests","login.spec.js","",""
"","449","TC22 - Verify hover effect on product","chromium","2026-03-31","passed","2026-03-31","Home Page - 25 Test Cases","homeNew.spec.js","",""
"","459","TC04 - Verify Login link is visible","chromium","2026-03-31","passed","2026-03-31","Home Page - 25 Test Cases","homeNew.spec.js","",""
"","1138","TC15 - Click Shop Collection button","webkit","2026-03-31","passed","2026-03-31","Home Page - 25 Test Cases","homeNew.spec.js","",""
"","0","TC11 - Password with spaces only","chromium","2026-03-31","skipped","2026-03-31","Neo Gadgets - Registration Tests","register.spec.js","",""
"","2154","TC13 - Invalid email format","firefox","2026-03-31","passed","2026-03-31","Profile Module - 20 Test Cases","profile.spec.js","",""
"","743","TC18 - Click second product navigates correctly","firefox","2026-03-31","passed","2026-03-31","Home Page - 25 Test Cases","homeNew.spec.js","",""
"","4468","TC04 - Explore Catalog Button Click","chromium","2026-03-30","failed","2026-03-30","","dashboard.spec.js","",""
"","1741","TC06 - Verify current password field visible","chromium","2026-03-31","passed","2026-03-31","Profile Module - 20 Test Cases","profile.spec.js","",""
"","0","TC10 - Multiple login clicks","chromium","2026-03-30","skipped","2026-03-30","Login Module - Stable Tests","login.spec.js","",""
"","2232","8. Duplicate Email","firefox","2026-03-24","passed","2026-03-24","Registration Module - 15 Test Cases","register.spec.js","",""
"","0","TC24 - Verify navigation back to home","firefox","2026-03-31","skipped","2026-03-31","Home Page - 25 Test Cases","homeNew.spec.js","",""
"","1678","TC17 - ""Amrit"" Profile Link Visibility","chromium","2026-03-30","failed","2026-03-30","","dashboard.spec.js","",""
"","1067","TC14 - Login button visible","chromium","2026-03-30","passed","2026-03-30","Login Module - Stable (No Flaky)","login.spec.js","",""
"","423","Verify View All link works","chromium","2026-03-31","passed","2026-03-31","Neo Gadgets - Home Page Tests","homepage.spec.js","",""
"","2707","10. Password only spaces","firefox","2026-03-24","passed","2026-03-24","Registration Module - 15 Test Cases","register.spec.js","",""
"","1","TC03 - Verify Products link is visible","chromium","2026-03-31","skipped","2026-03-31","Home Page - 25 Test Cases","homeNew.spec.js","",""
"","1779","TC04 - Verify Login link is visible","webkit","2026-03-31","passed","2026-03-31","Home Page - 25 Test Cases","homeNew.spec.js","",""
"","1","TC20 - UI stable after load","chromium","2026-03-30","skipped","2026-03-30","Login Module - Stable Tests","login.spec.js","",""
"","0","TC12 - Save without changes","webkit","2026-03-31","skipped","2026-03-31","Profile Module - 20 Test Cases","profile.spec.js","",""
"","979","TC01 - Valid registration","webkit","2026-03-31","passed","2026-03-31","Neo Gadgets - Registration Tests","register.spec.js","",""
"","322","Verify category section visible","chromium","2026-03-31","passed","2026-03-31","Neo Gadgets - Home Page Tests","homepage.spec.js","",""
"","1080","TC12 - Click Login navigates to login page","firefox","2026-03-31","passed","2026-03-31","Home Page - 25 Test Cases","homeNew.spec.js","",""
"","827","get started link","firefox","2026-03-31","passed","2026-03-31","","example.spec.js","",""
"","30050","TC11 - SQL injection attempt","chromium","2026-03-30","broken","2026-03-30","Neo Gadgets - Login Tests","login.spec.js","",""
"","6843","TC02 - Empty form validation","chromium","2026-03-30","failed","2026-03-30","Login Module - Stable (No Flaky)","login.spec.js","",""
"","1279","TC22 - Verify hover effect on product","webkit","2026-03-31","passed","2026-03-31","Home Page - 25 Test Cases","homeNew.spec.js","",""
"","1260","TC05 - Invalid email format","chromium","2026-03-30","failed","2026-03-30","Login Module - Stable Tests","login.spec.js","",""
"","2119","TC05 - Verify email input visible","webkit","2026-03-31","passed","2026-03-31","Profile Module - 20 Test Cases","profile.spec.js","",""
"","1772","TC01 - Verify profile page loads","chromium","2026-03-31","passed","2026-03-31","Profile Module - 20 Test Cases","profile.spec.js","",""
"","2194","TC10 - Update email successfully","webkit","2026-03-31","passed","2026-03-31","Profile Module - 20 Test Cases","profile.spec.js","",""
"","537","Verify no broken images","webkit","2026-03-31","passed","2026-03-31","Neo Gadgets - Home Page Tests","homepage.spec.js","",""
"","582","Verify logo is visible","webkit","2026-03-31","passed","2026-03-31","Neo Gadgets - Home Page Tests","homepage.spec.js","",""
"","692","TC15 - Click Shop Collection button","firefox","2026-03-31","passed","2026-03-31","Home Page - 25 Test Cases","homeNew.spec.js","",""
"","0","TC07 - Both fields invalid","chromium","2026-03-30","skipped","2026-03-30","Login Module - Stable Tests","login.spec.js","",""
"","311","has title","chromium","2026-03-31","passed","2026-03-31","","example.spec.js","",""
"","1584","15. SQL Injection","chromium","2026-03-24","passed","2026-03-24","Registration Module - 15 Test Cases","register.spec.js","",""
"","0","TC10 - Duplicate email registration","webkit","2026-03-31","skipped","2026-03-31","Neo Gadgets - Registration Tests","register.spec.js","",""
"","1770","TC02 - Verify Personal Info section visible","chromium","2026-03-31","passed","2026-03-31","Profile Module - 20 Test Cases","profile.spec.js","",""
"","2052","TC14 - Empty name field","firefox","2026-03-31","passed","2026-03-31","Profile Module - 20 Test Cases","profile.spec.js","",""
"","639","TC04 - Verify Login link is visible","firefox","2026-03-31","passed","2026-03-31","Home Page - 25 Test Cases","homeNew.spec.js","",""
"","1951","TC05 - Verify email input visible","chromium","2026-03-31","passed","2026-03-31","Profile Module - 20 Test Cases","profile.spec.js","",""
"","1771","TC16 - ""Logout"" Button Functionality","chromium","2026-03-30","failed","2026-03-30","","dashboard.spec.js","",""
"","434","TC09 - Verify product cards are displayed","chromium","2026-03-31","passed","2026-03-31","Home Page - 25 Test Cases","homeNew.spec.js","",""
"","373","TC20 - Verify images are loaded","chromium","2026-03-31","passed","2026-03-31","Home Page - 25 Test Cases","homeNew.spec.js","",""
"","0","TC17 - SQL Injection attempt","chromium","2026-03-30","skipped","2026-03-30","Login Module - Stable Tests","login.spec.js","",""
"","658","TC07 - Verify Shop Collection button visible","firefox","2026-03-31","passed","2026-03-31","Home Page - 25 Test Cases","homeNew.spec.js","",""
"","0","TC20 - Navigate back to profile after login","firefox","2026-03-31","skipped","2026-03-31","Profile Module - 20 Test Cases","profile.spec.js","",""
"","893","TC14 - Long input values","webkit","2026-03-31","passed","2026-03-31","Neo Gadgets - Registration Tests","register.spec.js","",""
"","8733","TC18 - Page refresh retains fields empty","chromium","2026-03-30","failed","2026-03-30","Neo Gadgets - Login Tests","login.spec.js","",""
"","2520","15. SQL Injection","firefox","2026-03-24","passed","2026-03-24","Registration Module - 15 Test Cases","register.spec.js","",""
"","547","TC05 - Verify Register link is visible","firefox","2026-03-31","passed","2026-03-31","Home Page - 25 Test Cases","homeNew.spec.js","",""
"","0","Verify hero section heading","chromium","2026-03-31","skipped","2026-03-31","Neo Gadgets - Home Page Tests","homepage.spec.js","",""
"","0","TC04 - Empty email field","firefox","2026-03-31","skipped","2026-03-31","Login Module - 15 Test Cases","loginnew.spec.js","",""
"","1","TC06 - Valid email invalid password","chromium","2026-03-30","skipped","2026-03-30","Login Module - Stable Tests","login.spec.js","",""
"","504","Verify Sign Up button visible","webkit","2026-03-31","passed","2026-03-31","Neo Gadgets - Home Page Tests","homepage.spec.js","",""
"","1255","TC14 - Click cart icon navigates to cart page","webkit","2026-03-31","passed","2026-03-31","Home Page - 25 Test Cases","homeNew.spec.js","",""
"","30054","TC04 - Empty password","chromium","2026-03-30","broken","2026-03-30","Neo Gadgets - Login Tests","login.spec.js","",""
"","0","TC20 - Navigate back to profile after login","chromium","2026-03-31","skipped","2026-03-31","Profile Module - 20 Test Cases","profile.spec.js","",""
"","1873","TC11 - Long email input","firefox","2026-03-31","passed","2026-03-31","Login Module - 15 Test Cases","loginnew.spec.js","",""
"","6535","TC17 - Error disappears after valid input","chromium","2026-03-30","failed","2026-03-30","Login Module - Stable (No Flaky)","login.spec.js","",""
"","0","TC21 - Verify page responsiveness (mobile)","webkit","2026-03-31","skipped","2026-03-31","Home Page - 25 Test Cases","homeNew.spec.js","",""
"","420","Verify Sign Up button visible","chromium","2026-03-31","passed","2026-03-31","Neo Gadgets - Home Page Tests","homepage.spec.js","",""
"","1536","15. SQL Injection","webkit","2026-03-24","passed","2026-03-24","Registration Module - 15 Test Cases","register.spec.js","",""
"","2041","TC19 - Logout functionality","chromium","2026-03-31","passed","2026-03-31","Profile Module - 20 Test Cases","profile.spec.js","",""
"","1989","TC12 - Category Grid Layout","chromium","2026-03-30","failed","2026-03-30","","dashboard.spec.js","",""
"","1","14. Multiple Click Register","webkit","2026-03-24","skipped","2026-03-24","Registration Module - 15 Test Cases","register.spec.js","",""
"","2756","4. Empty Fields","webkit","2026-03-24","passed","2026-03-24","Registration Module - 15 Test Cases","register.spec.js","",""
"","2229","7. Empty Password","webkit","2026-03-24","passed","2026-03-24","Registration Module - 15 Test Cases","register.spec.js","",""
"","6526","TC03 - Empty email","chromium","2026-03-30","failed","2026-03-30","Login Module - Stable Tests","login.spec.js","",""
"","2166","TC05 - Product Category Cards","chromium","2026-03-30","failed","2026-03-30","","dashboard.spec.js","",""
"","721","TC13 - Click Register navigates to register page","firefox","2026-03-31","passed","2026-03-31","Home Page - 25 Test Cases","homeNew.spec.js","",""
"","2005","TC02 - Navigation Bar Links Test","chromium","2026-03-30","failed","2026-03-30","","dashboard.spec.js","",""
"","0","TC10 - Duplicate email registration","chromium","2026-03-31","skipped","2026-03-31","Neo Gadgets - Registration Tests","register.spec.js","",""
"","599","TC07 - Invalid email format","chromium","2026-03-31","passed","2026-03-31","Login Module - 15 Test Cases","loginnew.spec.js","",""
"","2205","TC02 - Verify Personal Info section visible","webkit","2026-03-31","passed","2026-03-31","Profile Module - 20 Test Cases","profile.spec.js","",""
"","1708","TC02 - Verify Personal Info section visible","firefox","2026-03-31","passed","2026-03-31","Profile Module - 20 Test Cases","profile.spec.js","",""
"","1","TC08 - Password empty","webkit","2026-03-31","skipped","2026-03-31","Neo Gadgets - Registration Tests","register.spec.js","",""
"","1816","3. Password too short","webkit","2026-03-24","passed","2026-03-24","Registration Module - 15 Test Cases","register.spec.js","",""
"","720","Verify featured products section","firefox","2026-03-31","passed","2026-03-31","Neo Gadgets - Home Page Tests","homepage.spec.js","",""
"","2285","TC08 - Verify save button visible","webkit","2026-03-31","passed","2026-03-31","Profile Module - 20 Test Cases","profile.spec.js","",""
"","30039","TC07 - Non-existing user","chromium","2026-03-30","broken","2026-03-30","Neo Gadgets - Login Tests","login.spec.js","",""
"","1762","TC09 - Hero Subtitle Visibility","chromium","2026-03-30","failed","2026-03-30","","dashboard.spec.js","",""
"","436","TC05 - Verify Register link is visible","chromium","2026-03-31","passed","2026-03-31","Home Page - 25 Test Cases","homeNew.spec.js","",""
"","341","TC16 - Click Explore Drones button","chromium","2026-03-31","passed","2026-03-31","Home Page - 25 Test Cases","homeNew.spec.js","",""
"","0","TC05 - Confirm password mismatch","webkit","2026-03-31","skipped","2026-03-31","Neo Gadgets - Registration Tests","register.spec.js","",""
"","0","Verify product cards visible","chromium","2026-03-31","skipped","2026-03-31","Neo Gadgets - Home Page Tests","homepage.spec.js","",""
"","0","TC16 - Error disappears after valid input","chromium","2026-03-30","skipped","2026-03-30","Login Module - Stable Tests","login.spec.js","",""
"","1740","TC08 - Verify save button visible","firefox","2026-03-31","passed","2026-03-31","Profile Module - 20 Test Cases","profile.spec.js","",""
"","0","Verify navigation menu items","chromium","2026-03-31","skipped","2026-03-31","Neo Gadgets - Home Page Tests","homepage.spec.js","",""
"","2049","TC10 - Update email successfully","firefox","2026-03-31","passed","2026-03-31","Profile Module - 20 Test Cases","profile.spec.js","",""
"","670","TC12 - Email with spaces","firefox","2026-03-31","passed","2026-03-31","Neo Gadgets - Registration Tests","register.spec.js","",""
"","742","TC01 - Valid registration","firefox","2026-03-31","passed","2026-03-31","Neo Gadgets - Registration Tests","register.spec.js","",""
"","3057","11. Long Name Input","webkit","2026-03-24","passed","2026-03-24","Registration Module - 15 Test Cases","register.spec.js","",""
"","0","TC11 - Click Products link navigates correctly","webkit","2026-03-31","skipped","2026-03-31","Home Page - 25 Test Cases","homeNew.spec.js","",""
"","30046","TC08 - Email with spaces","chromium","2026-03-30","broken","2026-03-30","Neo Gadgets - Login Tests","login.spec.js","",""
"","0","TC03 - Verify Products link is visible","firefox","2026-03-31","skipped","2026-03-31","Home Page - 25 Test Cases","homeNew.spec.js","",""
"","0","TC03 - Login with invalid password","firefox","2026-03-31","skipped","2026-03-31","Login Module - 15 Test Cases","loginnew.spec.js","",""
"","647","TC12 - Password field masked","chromium","2026-03-31","passed","2026-03-31","Login Module - 15 Test Cases","loginnew.spec.js","",""
"","1628","7. Empty Password","chromium","2026-03-24","passed","2026-03-24","Registration Module - 15 Test Cases","register.spec.js","",""
"","0","TC01 - Verify home page loads","webkit","2026-03-31","skipped","2026-03-31","Home Page - 25 Test Cases","homeNew.spec.js","",""
"","1122","TC02 - Empty form submission","firefox","2026-03-31","passed","2026-03-31","Neo Gadgets - Registration Tests","register.spec.js","",""
"","0","TC08 - Email trimming","chromium","2026-03-30","skipped","2026-03-30","Login Module - Stable Tests","login.spec.js","",""
"","691","TC22 - Verify hover effect on product","firefox","2026-03-31","passed","2026-03-31","Home Page - 25 Test Cases","homeNew.spec.js","",""
"","725","Verify View All link works","firefox","2026-03-31","passed","2026-03-31","Neo Gadgets - Home Page Tests","homepage.spec.js","",""
"","1675","TC15 - Dynamic Product Listing","chromium","2026-03-30","failed","2026-03-30","","dashboard.spec.js","",""
"","1","TC03 - Login with invalid password","webkit","2026-03-31","skipped","2026-03-31","Login Module - 15 Test Cases","loginnew.spec.js","",""
"","30077","TC06 - Incorrect password","chromium","2026-03-30","broken","2026-03-30","Neo Gadgets - Login Tests","login.spec.js","",""
"","0","TC09 - SQL injection attempt","webkit","2026-03-31","skipped","2026-03-31","Login Module - 15 Test Cases","loginnew.spec.js","",""
"","0","Verify all categories present","firefox","2026-03-31","skipped","2026-03-31","Neo Gadgets - Home Page Tests","homepage.spec.js","",""
"","0","Verify hero section heading","webkit","2026-03-31","skipped","2026-03-31","Neo Gadgets - Home Page Tests","homepage.spec.js","",""
"","2039","7. Empty Password","firefox","2026-03-24","passed","2026-03-24","Registration Module - 15 Test Cases","register.spec.js","",""
"","523","TC14 - Long input values","chromium","2026-03-31","passed","2026-03-31","Neo Gadgets - Registration Tests","register.spec.js","",""
"","913","TC06 - Verify cart icon is visible","webkit","2026-03-31","passed","2026-03-31","Home Page - 25 Test Cases","homeNew.spec.js","",""
"","1939","TC14 - Empty name field","chromium","2026-03-31","passed","2026-03-31","Profile Module - 20 Test Cases","profile.spec.js","",""
"","4531","2. Invalid Email Format","firefox","2026-03-24","passed","2026-03-24","Registration Module - 15 Test Cases","register.spec.js","",""
"","745","Verify Sign Up button visible","firefox","2026-03-31","passed","2026-03-31","Neo Gadgets - Home Page Tests","homepage.spec.js","",""
"","2330","TC14 - Verify login button visible","chromium","2026-03-30","passed","2026-03-30","Neo Gadgets - Login Tests","login.spec.js","",""
"","2221","4. Empty Fields","firefox","2026-03-24","passed","2026-03-24","Registration Module - 15 Test Cases","register.spec.js","",""
"","30041","TC20 - Check error message disappears after valid input","chromium","2026-03-30","broken","2026-03-30","Neo Gadgets - Login Tests","login.spec.js","",""
"","2032","TC07 - Verify new password field visible","webkit","2026-03-31","passed","2026-03-31","Profile Module - 20 Test Cases","profile.spec.js","",""
"","624","TC17 - Click first product navigates to product page","chromium","2026-03-31","passed","2026-03-31","Home Page - 25 Test Cases","homeNew.spec.js","",""
"","1145","TC11 - Long email input","webkit","2026-03-31","passed","2026-03-31","Login Module - 15 Test Cases","loginnew.spec.js","",""
"","371","TC15 - Click Shop Collection button","chromium","2026-03-31","passed","2026-03-31","Home Page - 25 Test Cases","homeNew.spec.js","",""
"","447","TC23 - Verify page title","firefox","2026-03-31","passed","2026-03-31","Home Page - 25 Test Cases","homeNew.spec.js","",""
"","521","TC12 - Email with spaces","chromium","2026-03-31","passed","2026-03-31","Neo Gadgets - Registration Tests","register.spec.js","",""
"","4161","1. Valid Registration","firefox","2026-03-24","passed","2026-03-24","Registration Module - 15 Test Cases","register.spec.js","",""
"","30058","TC03 - Empty email","chromium","2026-03-30","broken","2026-03-30","Neo Gadgets - Login Tests","login.spec.js","",""
"","30043","TC05 - Invalid email format","chromium","2026-03-30","broken","2026-03-30","Neo Gadgets - Login Tests","login.spec.js","",""
"","1970","5. Empty Name","firefox","2026-03-24","passed","2026-03-24","Registration Module - 15 Test Cases","register.spec.js","",""
"","0","TC24 - Verify navigation back to home","chromium","2026-03-31","skipped","2026-03-31","Home Page - 25 Test Cases","homeNew.spec.js","",""
"","30053","TC12 - XSS attempt","chromium","2026-03-30","broken","2026-03-30","Neo Gadgets - Login Tests","login.spec.js","",""
"","9057","TC02 - Empty form validation","chromium","2026-03-30","failed","2026-03-30","Login Module - Stable Tests","login.spec.js","",""
"","2275","4. Empty Fields","chromium","2026-03-24","passed","2026-03-24","Registration Module - 15 Test Cases","register.spec.js","",""
"","0","TC13 - Multiple clicks on register button","firefox","2026-03-31","skipped","2026-03-31","Neo Gadgets - Registration Tests","register.spec.js","",""
"","0","TC05 - Empty password field","chromium","2026-03-31","skipped","2026-03-31","Login Module - 15 Test Cases","loginnew.spec.js","",""
"","554","TC11 - Long email input","chromium","2026-03-31","passed","2026-03-31","Login Module - 15 Test Cases","loginnew.spec.js","",""
"","0","TC02 - Verify logo is visible","firefox","2026-03-31","skipped","2026-03-31","Home Page - 25 Test Cases","homeNew.spec.js","",""
"","0","TC13 - Click register link","firefox","2026-03-31","skipped","2026-03-31","Login Module - 15 Test Cases","loginnew.spec.js","",""
"","0","Verify hero section heading","firefox","2026-03-31","skipped","2026-03-31","Neo Gadgets - Home Page Tests","homepage.spec.js","",""
"","2139","TC15 - Wrong current password","firefox","2026-03-31","passed","2026-03-31","Profile Module - 20 Test Cases","profile.spec.js","",""
"","522","Verify Login button visible","firefox","2026-03-31","passed","2026-03-31","Neo Gadgets - Home Page Tests","homepage.spec.js","",""
"","603","Verify homepage loads successfully","webkit","2026-03-31","passed","2026-03-31","Neo Gadgets - Home Page Tests","homepage.spec.js","",""
"","449","TC08 - Verify Explore Drones button visible","chromium","2026-03-31","passed","2026-03-31","Home Page - 25 Test Cases","homeNew.spec.js","",""
"","1065","TC15 - Multiple invalid login attempts","firefox","2026-03-31","passed","2026-03-31","Login Module - 15 Test Cases","loginnew.spec.js","",""
"","0","TC11 - Click Products link navigates correctly","chromium","2026-03-31","skipped","2026-03-31","Home Page - 25 Test Cases","homeNew.spec.js","",""
"","777","TC02 - Empty form submission","chromium","2026-03-31","passed","2026-03-31","Neo Gadgets - Registration Tests","register.spec.js","",""
"","2656","9. Email with spaces","firefox","2026-03-24","passed","2026-03-24","Registration Module - 15 Test Cases","register.spec.js","",""
"","1101","has title","firefox","2026-03-31","passed","2026-03-31","","example.spec.js","",""
"","0","TC09 - SQL injection attempt","chromium","2026-03-31","skipped","2026-03-31","Login Module - 15 Test Cases","loginnew.spec.js","",""
"","0","TC01 - Verify home page loads","firefox","2026-03-31","skipped","2026-03-31","Home Page - 25 Test Cases","homeNew.spec.js","",""
"","1619","TC08 - Hero Section Title Visibility","chromium","2026-03-30","failed","2026-03-30","","dashboard.spec.js","",""
"","0","TC16 - Long name input","chromium","2026-03-31","skipped","2026-03-31","Profile Module - 20 Test Cases","profile.spec.js","",""
"","555","TC10 - Email with spaces","chromium","2026-03-31","passed","2026-03-31","Login Module - 15 Test Cases","loginnew.spec.js","",""
"","0","TC19 - Verify multiple product cards count","firefox","2026-03-31","skipped","2026-03-31","Home Page - 25 Test Cases","homeNew.spec.js","",""
"","3227","11. Long Name Input","firefox","2026-03-24","passed","2026-03-24","Registration Module - 15 Test Cases","register.spec.js","",""
"","907","TC09 - Confirm password empty","webkit","2026-03-31","passed","2026-03-31","Neo Gadgets - Registration Tests","register.spec.js","",""
"","1630","TC13 - Product Grid Visibility","chromium","2026-03-30","failed","2026-03-30","","dashboard.spec.js","",""
"","1592","TC08 - Wrong email","chromium","2026-03-30","failed","2026-03-30","Login Module - Stable (No Flaky)","login.spec.js","",""
"","0","TC11 - Click Products link navigates correctly","firefox","2026-03-31","skipped","2026-03-31","Home Page - 25 Test Cases","homeNew.spec.js","",""
"","302","TC06 - Verify cart icon is visible","chromium","2026-03-31","passed","2026-03-31","Home Page - 25 Test Cases","homeNew.spec.js","",""
"","1614","6. Empty Email","chromium","2026-03-24","passed","2026-03-24","Registration Module - 15 Test Cases","register.spec.js","",""
"","0","TC11 - Change password with valid data","firefox","2026-03-31","skipped","2026-03-31","Profile Module - 20 Test Cases","profile.spec.js","",""
"","911","TC02 - Login with invalid email","firefox","2026-03-31","passed","2026-03-31","Login Module - 15 Test Cases","loginnew.spec.js","",""
"","6808","TC02 - Empty form submission","chromium","2026-03-30","failed","2026-03-30","Neo Gadgets - Login Tests","login.spec.js","",""
"","0","TC02 - Verify logo is visible","chromium","2026-03-31","skipped","2026-03-31","Home Page - 25 Test Cases","homeNew.spec.js","",""
"","960","Verify category click navigates","webkit","2026-03-31","passed","2026-03-31","Neo Gadgets - Home Page Tests","homepage.spec.js","",""
"","1921","TC17 - Special characters in name","chromium","2026-03-31","passed","2026-03-31","Profile Module - 20 Test Cases","profile.spec.js","",""
"","0","TC19 - Long input values","chromium","2026-03-30","skipped","2026-03-30","Login Module - Stable Tests","login.spec.js","",""
"","403","Verify Join Now button click","chromium","2026-03-31","passed","2026-03-31","Neo Gadgets - Home Page Tests","homepage.spec.js","",""
"","6484","TC10 - Email with spaces","firefox","2026-03-31","failed","2026-03-31","Login Module - 15 Test Cases","loginnew.spec.js","",""
"","0","TC11 - Change password with valid data","chromium","2026-03-31","skipped","2026-03-31","Profile Module - 20 Test Cases","profile.spec.js","",""
"","1881","TC06 - Verify current password field visible","firefox","2026-03-31","passed","2026-03-31","Profile Module - 20 Test Cases","profile.spec.js","",""
"","0","TC14 - Enter key login","chromium","2026-03-30","skipped","2026-03-30","Login Module - Stable Tests","login.spec.js","",""
"","589","TC14 - Login button disabled when empty","webkit","2026-03-31","passed","2026-03-31","Login Module - 15 Test Cases","loginnew.spec.js","",""
"","497","TC20 - Verify images are loaded","firefox","2026-03-31","passed","2026-03-31","Home Page - 25 Test Cases","homeNew.spec.js","",""
"","2059","13. Uppercase Email","firefox","2026-03-24","passed","2026-03-24","Registration Module - 15 Test Cases","register.spec.js","",""
"","0","TC10 - Verify footer text visible","firefox","2026-03-31","skipped","2026-03-31","Home Page - 25 Test Cases","homeNew.spec.js","",""
"","485","TC06 - Verify cart icon is visible","firefox","2026-03-31","passed","2026-03-31","Home Page - 25 Test Cases","homeNew.spec.js","",""
"","626","TC08 - Verify Explore Drones button visible","webkit","2026-03-31","passed","2026-03-31","Home Page - 25 Test Cases","homeNew.spec.js","",""
"","1599","TC18 - Click second product navigates correctly","webkit","2026-03-31","passed","2026-03-31","Home Page - 25 Test Cases","homeNew.spec.js","",""
"","1922","TC18 - Password with spaces","chromium","2026-03-31","passed","2026-03-31","Profile Module - 20 Test Cases","profile.spec.js","",""
"","2104","2. Invalid Email Format","webkit","2026-03-24","passed","2026-03-24","Registration Module - 15 Test Cases","register.spec.js","",""
"","2312","TC15 - Multiple invalid login attempts","webkit","2026-03-31","passed","2026-03-31","Login Module - 15 Test Cases","loginnew.spec.js","",""
"","2522","TC03 - Invalid email format","chromium","2026-03-31","passed","2026-03-31","Neo Gadgets - Registration Tests","register.spec.js","",""
"","2202","TC19 - Logout functionality","firefox","2026-03-31","passed","2026-03-31","Profile Module - 20 Test Cases","profile.spec.js","",""
"","1512","TC02 - Empty form submission","webkit","2026-03-31","passed","2026-03-31","Neo Gadgets - Registration Tests","register.spec.js","",""
"","30064","TC17 - Verify Sign up link","chromium","2026-03-30","broken","2026-03-30","Neo Gadgets - Login Tests","login.spec.js","",""
"","2061","TC11 - Multiple clicks","chromium","2026-03-30","failed","2026-03-30","Login Module - Stable (No Flaky)","login.spec.js","",""
"","0","TC03 - Login with invalid password","chromium","2026-03-31","skipped","2026-03-31","Login Module - 15 Test Cases","loginnew.spec.js","",""
"","1685","9. Email with spaces","webkit","2026-03-24","passed","2026-03-24","Registration Module - 15 Test Cases","register.spec.js","",""
"","644","TC01 - Login with valid credentials","chromium","2026-03-31","passed","2026-03-31","Login Module - 15 Test Cases","loginnew.spec.js","",""
"","2161","TC04 - Empty password","chromium","2026-03-30","failed","2026-03-30","Login Module - Stable Tests","login.spec.js","",""
"","498","TC08 - Verify Explore Drones button visible","firefox","2026-03-31","passed","2026-03-31","Home Page - 25 Test Cases","homeNew.spec.js","",""
"","0","TC08 - Password empty","chromium","2026-03-31","skipped","2026-03-31","Neo Gadgets - Registration Tests","register.spec.js","",""
"","1730","TC04 - Verify name input visible","firefox","2026-03-31","passed","2026-03-31","Profile Module - 20 Test Cases","profile.spec.js","",""
"","0","TC04 - Empty email field","webkit","2026-03-31","skipped","2026-03-31","Login Module - 15 Test Cases","loginnew.spec.js","",""
"","487","Verify page scroll","firefox","2026-03-31","passed","2026-03-31","Neo Gadgets - Home Page Tests","homepage.spec.js","",""
"","1801","TC09 - Update name successfully","firefox","2026-03-31","passed","2026-03-31","Profile Module - 20 Test Cases","profile.spec.js","",""
"","0","TC18 - XSS attempt","chromium","2026-03-30","skipped","2026-03-30","Login Module - Stable Tests","login.spec.js","",""
"","0","TC10 - Duplicate email registration","firefox","2026-03-31","skipped","2026-03-31","Neo Gadgets - Registration Tests","register.spec.js","",""
"","0","TC01 - Verify home page loads","chromium","2026-03-31","skipped","2026-03-31","Home Page - 25 Test Cases","homeNew.spec.js","",""
"","1","TC06 - Name less than 2 characters","webkit","2026-03-31","skipped","2026-03-31","Neo Gadgets - Registration Tests","register.spec.js","",""
"","1545","TC10 - Password trimming","chromium","2026-03-30","failed","2026-03-30","Login Module - Stable (No Flaky)","login.spec.js","",""
"","1580","TC20 - Long email input","chromium","2026-03-30","failed","2026-03-30","Login Module - Stable (No Flaky)","login.spec.js","",""
"","693","TC15 - UI elements visibility","webkit","2026-03-31","passed","2026-03-31","Neo Gadgets - Registration Tests","register.spec.js","",""
"","954","TC07 - Invalid email format","webkit","2026-03-31","passed","2026-03-31","Login Module - 15 Test Cases","loginnew.spec.js","",""
"","1547","TC18 - SQL injection attempt","chromium","2026-03-30","failed","2026-03-30","Login Module - Stable (No Flaky)","login.spec.js","",""
"","2875","TC03 - Invalid email format","webkit","2026-03-31","passed","2026-03-31","Neo Gadgets - Registration Tests","register.spec.js","",""
"","1236","TC05 - Invalid email format","chromium","2026-03-30","failed","2026-03-30","Login Module - Stable (No Flaky)","login.spec.js","",""
"","2067","5. Empty Name","webkit","2026-03-24","passed","2026-03-24","Registration Module - 15 Test Cases","register.spec.js","",""
"","2","TC10 - Verify footer text visible","chromium","2026-03-30","failed","2026-03-30","","homeNew.spec.js","",""
"","0","TC19 - Verify multiple product cards count","chromium","2026-03-31","skipped","2026-03-31","Home Page - 25 Test Cases","homeNew.spec.js","",""
"","0","TC03 - Verify Security section visible","webkit","2026-03-31","skipped","2026-03-31","Profile Module - 20 Test Cases","profile.spec.js","",""
"","2718","TC03 - Invalid email format","firefox","2026-03-31","passed","2026-03-31","Neo Gadgets - Registration Tests","register.spec.js","",""
"","1578","TC07 - Scrollability of Hero Section","chromium","2026-03-30","failed","2026-03-30","","dashboard.spec.js","",""
"","698","TC25 - Verify no broken links (basic)","webkit","2026-03-31","passed","2026-03-31","Home Page - 25 Test Cases","homeNew.spec.js","",""
"","0","Verify all categories present","chromium","2026-03-31","skipped","2026-03-31","Neo Gadgets - Home Page Tests","homepage.spec.js","",""
"","736","TC06 - Empty email and password","firefox","2026-03-31","passed","2026-03-31","Login Module - 15 Test Cases","loginnew.spec.js","",""
"","834","TC07 - Verify Shop Collection button visible","webkit","2026-03-31","passed","2026-03-31","Home Page - 25 Test Cases","homeNew.spec.js","",""
"","6540","TC03 - Empty email","chromium","2026-03-30","failed","2026-03-30","Login Module - Stable (No Flaky)","login.spec.js","",""
"","837","TC08 - Password case sensitivity check","firefox","2026-03-31","passed","2026-03-31","Login Module - 15 Test Cases","loginnew.spec.js","",""
"","1504","TC10 - Email with spaces","webkit","2026-03-31","passed","2026-03-31","Login Module - 15 Test Cases","loginnew.spec.js","",""
"","607","TC20 - Verify images are loaded","webkit","2026-03-31","passed","2026-03-31","Home Page - 25 Test Cases","homeNew.spec.js","",""
"","869","TC09 - Confirm password empty","firefox","2026-03-31","passed","2026-03-31","Neo Gadgets - Registration Tests","register.spec.js","",""
"","674","TC16 - Click Explore Drones button","firefox","2026-03-31","passed","2026-03-31","Home Page - 25 Test Cases","homeNew.spec.js","",""
"","30043","TC19 - Press Enter to login","chromium","2026-03-30","broken","2026-03-30","Neo Gadgets - Login Tests","login.spec.js","",""
"","713","Verify Explore Catalog button click","firefox","2026-03-31","passed","2026-03-31","Neo Gadgets - Home Page Tests","homepage.spec.js","",""
"","0","TC07 - Email empty","chromium","2026-03-31","skipped","2026-03-31","Neo Gadgets - Registration Tests","register.spec.js","",""
"","30047","TC10 - Password less than required length","chromium","2026-03-30","broken","2026-03-30","Neo Gadgets - Login Tests","login.spec.js","",""
"","0","TC24 - Verify navigation back to home","webkit","2026-03-31","skipped","2026-03-31","Home Page - 25 Test Cases","homeNew.spec.js","",""
"","1","Verify navigation menu items","webkit","2026-03-31","skipped","2026-03-31","Neo Gadgets - Home Page Tests","homepage.spec.js","",""
"","482","Verify page scroll","webkit","2026-03-31","passed","2026-03-31","Neo Gadgets - Home Page Tests","homepage.spec.js","",""
"","1787","TC10 - Update email successfully","chromium","2026-03-31","passed","2026-03-31","Profile Module - 20 Test Cases","profile.spec.js","",""
"","2116","TC07 - Verify new password field visible","firefox","2026-03-31","passed","2026-03-31","Profile Module - 20 Test Cases","profile.spec.js","",""
"","300","TC23 - Verify page title","chromium","2026-03-31","passed","2026-03-31","Home Page - 25 Test Cases","homeNew.spec.js","",""
"","2521","TC09 - Update name successfully","webkit","2026-03-31","passed","2026-03-31","Profile Module - 20 Test Cases","profile.spec.js","",""
"","6562","TC04 - Empty password","chromium","2026-03-30","failed","2026-03-30","Login Module - Stable (No Flaky)","login.spec.js","",""
"","2477","TC13 - Invalid email format","webkit","2026-03-31","passed","2026-03-31","Profile Module - 20 Test Cases","profile.spec.js","",""
"","0","14. Multiple Click Register","firefox","2026-03-24","skipped","2026-03-24","Registration Module - 15 Test Cases","register.spec.js","",""
"","315","TC07 - Verify Shop Collection button visible","chromium","2026-03-31","passed","2026-03-31","Home Page - 25 Test Cases","homeNew.spec.js","",""
"","0","TC11 - Password with spaces only","firefox","2026-03-31","skipped","2026-03-31","Neo Gadgets - Registration Tests","register.spec.js","",""
"","594","TC14 - Click cart icon navigates to cart page","firefox","2026-03-31","passed","2026-03-31","Home Page - 25 Test Cases","homeNew.spec.js","",""
"","563","TC14 - Login button disabled when empty","firefox","2026-03-31","passed","2026-03-31","Login Module - 15 Test Cases","loginnew.spec.js","",""
"","1206","TC13 - Click Register navigates to register page","webkit","2026-03-31","passed","2026-03-31","Home Page - 25 Test Cases","homeNew.spec.js","",""
"","634","Verify Login button visible","webkit","2026-03-31","passed","2026-03-31","Neo Gadgets - Home Page Tests","homepage.spec.js","",""
"","1379","TC02 - Login with invalid email","webkit","2026-03-31","passed","2026-03-31","Login Module - 15 Test Cases","loginnew.spec.js","",""
"","496","Verify no broken images","firefox","2026-03-31","passed","2026-03-31","Neo Gadgets - Home Page Tests","homepage.spec.js","",""
"","1131","TC12 - Email field visible","chromium","2026-03-30","passed","2026-03-30","Login Module - Stable (No Flaky)","login.spec.js","",""
"","873","TC04 - Password less than 6 chars","webkit","2026-03-31","passed","2026-03-31","Neo Gadgets - Registration Tests","register.spec.js","",""
"","0","TC03 - Verify Security section visible","chromium","2026-03-31","skipped","2026-03-31","Profile Module - 20 Test Cases","profile.spec.js","",""
"","1867","TC13 - Invalid email format","chromium","2026-03-31","passed","2026-03-31","Profile Module - 20 Test Cases","profile.spec.js","",""
"","489","Verify logo is visible","firefox","2026-03-31","passed","2026-03-31","Neo Gadgets - Home Page Tests","homepage.spec.js","",""
"","509","TC14 - Login button disabled when empty","chromium","2026-03-31","passed","2026-03-31","Login Module - 15 Test Cases","loginnew.spec.js","",""
"","1","TC21 - Verify page responsiveness (mobile)","firefox","2026-03-31","skipped","2026-03-31","Home Page - 25 Test Cases","homeNew.spec.js","",""
"","529","Verify featured products section","chromium","2026-03-31","passed","2026-03-31","Neo Gadgets - Home Page Tests","homepage.spec.js","",""
"","2009","13. Uppercase Email","chromium","2026-03-24","passed","2026-03-24","Registration Module - 15 Test Cases","register.spec.js","",""
"","434","TC13 - Click Register navigates to register page","chromium","2026-03-31","passed","2026-03-31","Home Page - 25 Test Cases","homeNew.spec.js","",""
"","0","TC19 - Verify multiple product cards count","webkit","2026-03-31","skipped","2026-03-31","Home Page - 25 Test Cases","homeNew.spec.js","",""
"","1139","TC13 - Password field visible","chromium","2026-03-30","passed","2026-03-30","Login Module - Stable (No Flaky)","login.spec.js","",""
"","1155","TC01 - Page loads","chromium","2026-03-30","passed","2026-03-30","Login Module - Stable Tests","login.spec.js","",""
"","0","TC09 - SQL injection attempt","firefox","2026-03-31","skipped","2026-03-31","Login Module - 15 Test Cases","loginnew.spec.js","",""
"","2121","TC18 - Password with spaces","firefox","2026-03-31","passed","2026-03-31","Profile Module - 20 Test Cases","profile.spec.js","",""
"","0","TC12 - Save without changes","firefox","2026-03-31","skipped","2026-03-31","Profile Module - 20 Test Cases","profile.spec.js","",""
"","0","TC15 - Page refresh clears data","chromium","2026-03-30","skipped","2026-03-30","Login Module - Stable Tests","login.spec.js","",""
"","646","Verify category section visible","firefox","2026-03-31","passed","2026-03-31","Neo Gadgets - Home Page Tests","homepage.spec.js","",""
"","30041","TC13 - Multiple clicks on login button","chromium","2026-03-30","broken","2026-03-30","Neo Gadgets - Login Tests","login.spec.js","",""
"","676","TC23 - Verify page title","webkit","2026-03-31","passed","2026-03-31","Home Page - 25 Test Cases","homeNew.spec.js","",""
"","0","TC16 - Long name input","webkit","2026-03-31","skipped","2026-03-31","Profile Module - 20 Test Cases","profile.spec.js","",""
"","660","TC08 - Password case sensitivity check","chromium","2026-03-31","passed","2026-03-31","Login Module - 15 Test Cases","loginnew.spec.js","",""
"","0","TC03 - Verify Products link is visible","webkit","2026-03-31","skipped","2026-03-31","Home Page - 25 Test Cases","homeNew.spec.js","",""
"","7033","TC15 - Verify email field visible","chromium","2026-03-30","failed","2026-03-30","Neo Gadgets - Login Tests","login.spec.js","",""
"","0","TC05 - Empty password field","webkit","2026-03-31","skipped","2026-03-31","Login Module - 15 Test Cases","loginnew.spec.js","",""
"","1659","TC07 - Wrong password","chromium","2026-03-30","failed","2026-03-30","Login Module - Stable (No Flaky)","login.spec.js","",""
"","605","TC15 - UI elements visibility","firefox","2026-03-31","passed","2026-03-31","Neo Gadgets - Registration Tests","register.spec.js","",""
"","850","TC25 - Verify no broken links (basic)","firefox","2026-03-31","passed","2026-03-31","Home Page - 25 Test Cases","homeNew.spec.js","",""
"","2087","has title","webkit","2026-03-31","passed","2026-03-31","","example.spec.js","",""
"","416","TC12 - Click Login navigates to login page","chromium","2026-03-31","passed","2026-03-31","Home Page - 25 Test Cases","homeNew.spec.js","",""
"","512","Verify no broken images","chromium","2026-03-31","passed","2026-03-31","Neo Gadgets - Home Page Tests","homepage.spec.js","",""
"","962","Verify Join Now button click","webkit","2026-03-31","passed","2026-03-31","Neo Gadgets - Home Page Tests","homepage.spec.js","",""
"","1431","TC16 - Refresh clears form","chromium","2026-03-30","passed","2026-03-30","Login Module - Stable (No Flaky)","login.spec.js","",""
"","1895","TC11 - Navbar Links Appearance on Mobile","chromium","2026-03-30","failed","2026-03-30","","dashboard.spec.js","",""
"","0","Verify product cards visible","firefox","2026-03-31","skipped","2026-03-31","Neo Gadgets - Home Page Tests","homepage.spec.js","",""
"","0","TC21 - Verify page responsiveness (mobile)","chromium","2026-03-31","skipped","2026-03-31","Home Page - 25 Test Cases","homeNew.spec.js","",""
"","0","TC16 - Long name input","firefox","2026-03-31","skipped","2026-03-31","Profile Module - 20 Test Cases","profile.spec.js","",""
"","1769","TC04 - Verify name input visible","chromium","2026-03-31","passed","2026-03-31","Profile Module - 20 Test Cases","profile.spec.js","",""
"","638","TC01 - Valid registration","chromium","2026-03-31","passed","2026-03-31","Neo Gadgets - Registration Tests","register.spec.js","",""
"","1186","TC15 - Multiple invalid login attempts","chromium","2026-03-31","passed","2026-03-31","Login Module - 15 Test Cases","loginnew.spec.js","",""
"","2020","TC05 - Verify email input visible","firefox","2026-03-31","passed","2026-03-31","Profile Module - 20 Test Cases","profile.spec.js","",""
"","1","TC06 - Name less than 2 characters","chromium","2026-03-31","skipped","2026-03-31","Neo Gadgets - Registration Tests","register.spec.js","",""
"","0","TC13 - Click register link","chromium","2026-03-31","skipped","2026-03-31","Login Module - 15 Test Cases","loginnew.spec.js","",""
"","1343","5. Empty Name","chromium","2026-03-24","passed","2026-03-24","Registration Module - 15 Test Cases","register.spec.js","",""
"","1306","TC07 - Invalid email format","firefox","2026-03-31","passed","2026-03-31","Login Module - 15 Test Cases","loginnew.spec.js","",""
"","8429","12. Special Characters Name","firefox","2026-03-24","passed","2026-03-24","Registration Module - 15 Test Cases","register.spec.js","",""
"","1236","TC05 - Verify Register link is visible","webkit","2026-03-31","passed","2026-03-31","Home Page - 25 Test Cases","homeNew.spec.js","",""
"","420","get started link","chromium","2026-03-31","passed","2026-03-31","","example.spec.js","",""
"","2432","8. Duplicate Email","webkit","2026-03-24","passed","2026-03-24","Registration Module - 15 Test Cases","register.spec.js","",""
"","313","Verify responsive layout (mobile view)","chromium","2026-03-31","passed","2026-03-31","Neo Gadgets - Home Page Tests","homepage.spec.js","",""
"","911","Verify Explore Catalog button click","webkit","2026-03-31","passed","2026-03-31","Neo Gadgets - Home Page Tests","homepage.spec.js","",""
"","0","TC04 - Empty email field","chromium","2026-03-31","skipped","2026-03-31","Login Module - 15 Test Cases","loginnew.spec.js","",""
"","1808","TC15 - Wrong current password","chromium","2026-03-31","passed","2026-03-31","Profile Module - 20 Test Cases","profile.spec.js","",""
"","2282","2. Invalid Email Format","chromium","2026-03-24","passed","2026-03-24","Registration Module - 15 Test Cases","register.spec.js","",""
"","30057","TC09 - Password with spaces","chromium","2026-03-30","broken","2026-03-30","Neo Gadgets - Login Tests","login.spec.js","",""
